{
    "character": ["a", "b", "c", "d", "f", "g", "h", "i", "j", "k", "l", "m", "n", "o", "p", "q", "r", "s", "t", "u", "v", "w", "x", "y", "z",
                "A", "B", "C", "D", "F", "G", "H", "I", "J", "K", "L", "M", "N", "O", "P", "Q", "R", "S", "T", "U", "V", "W", "X", "Y", "Z", "_"],
    "exponent": ["e", "E"],
    "digit": ["0", "1", "2", "3", "4", "5", "6", "7", "8", "9"],
    "keyword": ["boolean", "break", "continue", "else", "for", "float", "if", "int", "return", "void", "while"],
    "arithmetic_1": ["+", "-"],
    "arithmetic_2": ["*", "/"],
    "relational": ["<", ">", "<=", ">="],
    "equality": ["==", "!="],
    "logical": ["&&", "||", "!"],
    "assignment": ["="],
    "separator": ["(", ")", "{", "}", "[", "]", ";", ","],
    "boolean": ["true", "false"],
    "space": [" ", "\n", "\t"],
    "dot": ["."],
    "double_quote": ["\""],
    "eof": ["__eof__"]
}